,상품명,가격,스펙
0,[INTEL] 인텔 코어6세대 i3-6100 벌크 쿨러미포함 (스카이레이크/3.7GHz/3MB/병행수입),"100,750",Core i3-6100(3.7GHz) / 듀얼코어 / 스카이레이크(Skylake) / 14nm / 3MB버퍼 / 32(64)비트지원 / LGA1151 / 벌크 / 쿨러미포함
1,[INTEL] 인텔 코어6세대 i7-6700 벌크 쿨러미포함 (스카이레이크/3.4GHz/8MB/병행수입),"326,560",Core i7-6700(3.4GHz) / 쿼드코어 / 스카이레이크(Skylake) / 14nm / 8MB버퍼 / 32(64)비트지원 / LGA1151 / 벌크 / 쿨러미포함
2,[INTEL] 인텔 코어8세대 i3-8100 벌크 쿨러미포함 (커피레이크/3.6GHz/6MB/병행수입),"134,000",Core i3-8100(3.6GHz) / 쿼드코어 / 커피레이크(CoffeeLake) / 14nm / 6MB버퍼 / LGA1151-V2 / 병행수입 벌크 / 쿨러미포함 / 쿼드(4)코어
3,[INTEL] 인텔 코어8세대 i7-8700 벌크 쿨러미포함 (커피레이크/3.2GHz/12MB/병행수입),"332,590",Core i7-8700(3.2GHz) / 헥사코어 / 커피레이크(CoffeeLake) / 14nm / 12MB버퍼 / LGA1151-V2 / 병행수입 벌크 / 쿨러미포함
4,[INTEL] 인텔 코어8세대 i3-8100 벌크 쿨러포함 (커피레이크/3.6GHz/6MB/병행수입),"135,950",Core i3-8100(3.6GHz) / 쿼드코어 / 커피레이크(CoffeeLake) / 14nm / 6MB버퍼 / LGA1151-V2 / 병행수입 벌크 / 쿨러포함
5,[INTEL] 인텔 코어7세대 i3-7100 벌크 쿨러미포함 (카비레이크/3.9GHz/3MB/병행수입),"100,450",Core i3-7100(3.9GHz) / 듀얼코어 / 카비레이크(KabyLake) / 14nm / 3MB버퍼 / LGA1151 / 벌크 / 쿨러미포함
6,[INTEL] 코어10세대 i9-10920X 정품박스 (캐스케이드레이크/3.5GHz/19.25MB/쿨러미포함),"832,000",인텔(소켓2066) / 14nm / 12코어 / 쓰레드 24개 / 3.5GHz / 19.25MB / 165W / DDR4 / 2933MHz / PCIe 3.0 / 하이퍼스레딩 / 옵테인
7,[INTEL] 인텔 코어6세대 펜티엄 G4400 벌크 쿨러미포함 (스카이레이크/3.3GHz/3MB/병행수입),"61,500",펜티엄 G4400(3.3GHz) / 듀얼코어 / 스카이레이크(Skylake) / 14nm / 3MB버퍼 / 32(64)비트지원 / LGA1151 / 벌크 / 쿨러미포함
8,[INTEL] 코어10세대 i9-10900X 정품박스 (캐스케이드레이크/3.7GHz/19.25MB/쿨러미포함),"729,700",인텔(소켓2066) / 10코어 / 쓰레드 20개 / 3.7GHz / 19.25MB / 165W / DDR4 / 2933MHz / PCIe 3.0 / 하이퍼스레딩 / 옵테인 / 10세대 캐스케이드레이크 / 코어 i9 / 데카(10) 코어 / 박스 (쿨러미포함) / 14nm
9,[INTEL] 인텔 코어6세대 펜티엄 G4400 벌크 쿨러포함 (스카이레이크/3.3GHz/3MB/병행수입),"64,500",펜티엄 G4400(3.3GHz) / 듀얼코어 / 스카이레이크(Skylake) / 14nm / 3MB버퍼 / 32(64)비트지원 / LGA1151 / 벌크 / 쿨러포함
10,[INTEL] 제온 스케일러블 골드 6128 정품 (스카이레이크/3.4GHz/19.25MB/쿨러미포함),"2,573,000",Scalable Gold 6128(3.4GHz) / 헥사코어 / 스카이레이크(Skylake) / 14nm / 19.25MB 버퍼 / FCLGA3647 / 박스 / 쿨러미포함
11,[INTEL] 제온 스케일러블 골드 6130 정품(스카이레이크/2.1GHz/22MB/쿨러미포함),"2,847,000",Scalable Gold 6130(2.1GHz) / 헥사데카코어 / 스카이레이크(Skylake) / 14nm / 22MB 버퍼 / FCLGA3647 / 박스 / 쿨러미포함
12,[INTEL] 제온 스케일러블 골드 6134 정품(스카이레이크/3.2GHz/24.75MB/쿨러미포함),"3,366,000",Scalable Gold 6134(3.2GHz) / 옥타코어 / 스카이레이크(Skylake) / 14nm / 24.75MB 버퍼 / FCLGA3647 / 박스 / 쿨러미포함
13,[INTEL] 제온 스케일러블 골드 6138 정품(스카이레이크/2.0GHz/27.5MB/쿨러미포함),"3,968,000",Scalable Gold 6138(2.0GHz) / 아이코사코어 / 스카이레이크(Skylake) / 14nm / 27.5MB 버퍼 / FCLGA3647 / 박스 / 쿨러미포함 / 2.0~2.5GHz
14,[INTEL] 제온 스케일러블 골드 6140 정품(스카이레이크/2.3GHz/24.75MB/쿨러미포함),"3,702,000",Scalable Gold 6140(2.3GHz) / 옥타데카코어 / 스카이레이크(Skylake) / 14nm / 24.75MB 버퍼 / FCLGA3647 / 박스 / 쿨러미포함
15,[INTEL] 제온 스케일러블 골드 6142 정품(스카이레이크/2.6GHz/22MB/쿨러미포함),"4,472,000",Scalable Gold 6142(2.6GHz) / 헥사데카코어 / 스카이레이크(Skylake) / 14nm / 22MB 버퍼 / FCLGA3647 / 박스 / 쿨러미포함
16,[INTEL] 제온 스케일러블 골드 6152 정품(스카이레이크/2.1GHz/30.25MB/쿨러미포함),"5,268,690",Scalable Gold 6152(3.7GHz) / 도코사코어 / 스카이레이크(Skylake) / 14nm / 30.25MB 버퍼 / FCLGA3647 / 박스 / 쿨러미포함
17,[INTEL] 제온 스케일러블 실버 4108 정품(스카이레이크/1.8GHz/11MB/쿨러미포함),"636,500",Scalable Server 4108(1.8GHz) / 옥타코어 / 스카이레이크(Skylake) / 14nm / 11MB 버퍼 / FCLGA3647 / 박스 / 쿨러미포함
18,[INTEL] 제온 스케일러블 실버 4110 정품(스카이레이크/2.1GHz/11MB/쿨러미포함),"770,000",Scalable Server 4110(2.1GHz) / 옥타코어 / 스카이레이크(Skylake) / 14nm / 11MB 버퍼 / FCLGA3647 / 박스 / 쿨러미포함
19,[AMD] 라이젠 3 피카소 3200G (쿼드코어/3.6GHz/쿨러포함/대리점정품/멀티팩),"129,000",AMD(소켓AM4) / 2세대 (Zen+) / 12nm / 쿼드(4)코어 / 4쓰레드 / 기본 클럭: 3.6GHz / 최대 클럭: 4GHz / L3 캐시: 4MB / TDP: 65W / PCIe3.0 / 메모리 규격: DDR4 / 2933MHz / 내장그래픽: 탑재 / AMD 라데온 Vega 8 / 기술 지원: SenseMI / 쿨러: Wraith Stealth 포함
20,[INTEL] 인텔 코어6세대 i3-6100 벌크 쿨러미포함 (스카이레이크/3.7GHz/3MB/병행수입),"100,750",Core i3-6100(3.7GHz) / 듀얼코어 / 스카이레이크(Skylake) / 14nm / 3MB버퍼 / 32(64)비트지원 / LGA1151 / 벌크 / 쿨러미포함
21,[INTEL] 인텔 코어6세대 i7-6700 벌크 쿨러미포함 (스카이레이크/3.4GHz/8MB/병행수입),"326,560",Core i7-6700(3.4GHz) / 쿼드코어 / 스카이레이크(Skylake) / 14nm / 8MB버퍼 / 32(64)비트지원 / LGA1151 / 벌크 / 쿨러미포함
22,[INTEL] 인텔 코어8세대 i3-8100 벌크 쿨러미포함 (커피레이크/3.6GHz/6MB/병행수입),"134,000",Core i3-8100(3.6GHz) / 쿼드코어 / 커피레이크(CoffeeLake) / 14nm / 6MB버퍼 / LGA1151-V2 / 병행수입 벌크 / 쿨러미포함 / 쿼드(4)코어
23,[INTEL] 인텔 코어8세대 i7-8700 벌크 쿨러미포함 (커피레이크/3.2GHz/12MB/병행수입),"332,590",Core i7-8700(3.2GHz) / 헥사코어 / 커피레이크(CoffeeLake) / 14nm / 12MB버퍼 / LGA1151-V2 / 병행수입 벌크 / 쿨러미포함
24,[INTEL] 인텔 코어8세대 i3-8100 벌크 쿨러포함 (커피레이크/3.6GHz/6MB/병행수입),"135,950",Core i3-8100(3.6GHz) / 쿼드코어 / 커피레이크(CoffeeLake) / 14nm / 6MB버퍼 / LGA1151-V2 / 병행수입 벌크 / 쿨러포함
25,[INTEL] 인텔 코어7세대 i3-7100 벌크 쿨러미포함 (카비레이크/3.9GHz/3MB/병행수입),"100,450",Core i3-7100(3.9GHz) / 듀얼코어 / 카비레이크(KabyLake) / 14nm / 3MB버퍼 / LGA1151 / 벌크 / 쿨러미포함
26,[INTEL] 코어10세대 i9-10920X 정품박스 (캐스케이드레이크/3.5GHz/19.25MB/쿨러미포함),"832,000",인텔(소켓2066) / 14nm / 12코어 / 쓰레드 24개 / 3.5GHz / 19.25MB / 165W / DDR4 / 2933MHz / PCIe 3.0 / 하이퍼스레딩 / 옵테인
27,[INTEL] 인텔 코어6세대 펜티엄 G4400 벌크 쿨러미포함 (스카이레이크/3.3GHz/3MB/병행수입),"61,500",펜티엄 G4400(3.3GHz) / 듀얼코어 / 스카이레이크(Skylake) / 14nm / 3MB버퍼 / 32(64)비트지원 / LGA1151 / 벌크 / 쿨러미포함
28,[INTEL] 코어10세대 i9-10900X 정품박스 (캐스케이드레이크/3.7GHz/19.25MB/쿨러미포함),"729,700",인텔(소켓2066) / 10코어 / 쓰레드 20개 / 3.7GHz / 19.25MB / 165W / DDR4 / 2933MHz / PCIe 3.0 / 하이퍼스레딩 / 옵테인 / 10세대 캐스케이드레이크 / 코어 i9 / 데카(10) 코어 / 박스 (쿨러미포함) / 14nm
29,[INTEL] 인텔 코어6세대 펜티엄 G4400 벌크 쿨러포함 (스카이레이크/3.3GHz/3MB/병행수입),"64,500",펜티엄 G4400(3.3GHz) / 듀얼코어 / 스카이레이크(Skylake) / 14nm / 3MB버퍼 / 32(64)비트지원 / LGA1151 / 벌크 / 쿨러포함
30,[INTEL] 제온 스케일러블 골드 6128 정품 (스카이레이크/3.4GHz/19.25MB/쿨러미포함),"2,573,000",Scalable Gold 6128(3.4GHz) / 헥사코어 / 스카이레이크(Skylake) / 14nm / 19.25MB 버퍼 / FCLGA3647 / 박스 / 쿨러미포함
31,[INTEL] 제온 스케일러블 골드 6130 정품(스카이레이크/2.1GHz/22MB/쿨러미포함),"2,847,000",Scalable Gold 6130(2.1GHz) / 헥사데카코어 / 스카이레이크(Skylake) / 14nm / 22MB 버퍼 / FCLGA3647 / 박스 / 쿨러미포함
32,[INTEL] 제온 스케일러블 골드 6134 정품(스카이레이크/3.2GHz/24.75MB/쿨러미포함),"3,366,000",Scalable Gold 6134(3.2GHz) / 옥타코어 / 스카이레이크(Skylake) / 14nm / 24.75MB 버퍼 / FCLGA3647 / 박스 / 쿨러미포함
33,[INTEL] 제온 스케일러블 골드 6138 정품(스카이레이크/2.0GHz/27.5MB/쿨러미포함),"3,968,000",Scalable Gold 6138(2.0GHz) / 아이코사코어 / 스카이레이크(Skylake) / 14nm / 27.5MB 버퍼 / FCLGA3647 / 박스 / 쿨러미포함 / 2.0~2.5GHz
34,[INTEL] 제온 스케일러블 골드 6140 정품(스카이레이크/2.3GHz/24.75MB/쿨러미포함),"3,702,000",Scalable Gold 6140(2.3GHz) / 옥타데카코어 / 스카이레이크(Skylake) / 14nm / 24.75MB 버퍼 / FCLGA3647 / 박스 / 쿨러미포함
35,[INTEL] 제온 스케일러블 골드 6142 정품(스카이레이크/2.6GHz/22MB/쿨러미포함),"4,472,000",Scalable Gold 6142(2.6GHz) / 헥사데카코어 / 스카이레이크(Skylake) / 14nm / 22MB 버퍼 / FCLGA3647 / 박스 / 쿨러미포함
36,[INTEL] 제온 스케일러블 골드 6152 정품(스카이레이크/2.1GHz/30.25MB/쿨러미포함),"5,268,690",Scalable Gold 6152(3.7GHz) / 도코사코어 / 스카이레이크(Skylake) / 14nm / 30.25MB 버퍼 / FCLGA3647 / 박스 / 쿨러미포함
37,[INTEL] 제온 스케일러블 실버 4108 정품(스카이레이크/1.8GHz/11MB/쿨러미포함),"636,500",Scalable Server 4108(1.8GHz) / 옥타코어 / 스카이레이크(Skylake) / 14nm / 11MB 버퍼 / FCLGA3647 / 박스 / 쿨러미포함
38,[INTEL] 제온 스케일러블 실버 4110 정품(스카이레이크/2.1GHz/11MB/쿨러미포함),"770,000",Scalable Server 4110(2.1GHz) / 옥타코어 / 스카이레이크(Skylake) / 14nm / 11MB 버퍼 / FCLGA3647 / 박스 / 쿨러미포함
39,[AMD] 라이젠 3 피카소 3200G (쿼드코어/3.6GHz/쿨러포함/대리점정품/멀티팩),"129,000",AMD(소켓AM4) / 2세대 (Zen+) / 12nm / 쿼드(4)코어 / 4쓰레드 / 기본 클럭: 3.6GHz / 최대 클럭: 4GHz / L3 캐시: 4MB / TDP: 65W / PCIe3.0 / 메모리 규격: DDR4 / 2933MHz / 내장그래픽: 탑재 / AMD 라데온 Vega 8 / 기술 지원: SenseMI / 쿨러: Wraith Stealth 포함
40,[INTEL] 코어10세대 i5-10400 정품박스 (코멧레이크 /2.90GHz/12MB/쿨러 포함),"205,000","인텔(소켓1200) / 14nm / 헥사(6)코어 / 12쓰레드 / 기본 클럭: 2.9GHz / L3 캐시: 12MB / 설계전력: 65W / PCIe3.0 / 메모리 규격: DDR4 / 메모리 버스: 2666MHz / 인텔 UHD 630 / 기술 지원: 하이퍼스레딩, 옵테인"
41,[INTEL] 코어10세대 i5-10400F 정품박스 (코멧레이크 /2.90GHz/12MB/쿨러 포함),"163,000","인텔(소켓1200) / 14nm / 6코어 / 쓰레드 12개 / 기본 클럭: 2.9GHz / 12MB / 64비트 / 설계전력: 65W / 메모리 규격: DDR4 / 메모리 버스: 2666MHz / PCIe 3.0 / 기술 지원: 하이퍼스레딩 , 옵테인 / LGA 1200"
42,[INTEL] 코어10세대 i3-10100 벌크 쿨러포함 (코멧레이크/3.60GHz/6MB/병행수입),"127,700",인텔(소켓1200) / 14nm / 4코어 / 쓰레드 8개 / 기본 클럭: 3.6GHz / 6MB / 64비트 / 설계전력: 65W / 메모리 규격: DDR4 / 메모리 버스: 2666MHz / 인텔 UHD 630 / PCIe 3.0
43,[AMD] 라이젠 5 프로 4650G [르누아르] (헥사코어/3.7GHz/쿨러포함/대리점정품/멀티팩),"239,500",내장그래픽 유
44,[AMD] 라이젠3 프로 4350G [르누아르] (쿼드코어/3.8GHz/쿨러포함/대리점정품/멀티팩),"166,000","AMD(소켓AM4) / 3세대 (Zen 2) / 7nm / 쿼드(4)코어 / 8쓰레드 / 기본 클럭: 3.8GHz / 최대 클럭: 4.0GHz / L3 캐시: 4MB / TDP: 65W / PCIe3.0 / 메모리 규격: DDR4 / 3200MHz / 내장그래픽: 탑재 / AMD 라데온 그래픽 6 / 쿨러: Wraith Stealth 포함 / Memory Guard, GuardMI 지원 / 500시리즈 칩셋만 지원"
45,[AMD] 라이젠 5 피카소 3400G 멀티팩 (쿼드코어/3.7GHz/쿨러포함/대리점정품),"160,000",AMD(소켓AM4) / 2세대 (Zen+) / 12nm / 쿼드(4)코어 / 쓰레드 8개 / 3.7GHz / 2MB / 4MB / 65W / PCIe 3.0 x8 / DDR4 / 2933MHz / AMD 라데온 Vega 11 / 1400MHz / Wraith Spire 쿨러 포함
46,[INTEL] 펜티엄 골드 G6400 정품박스 (코멧레이크/4.0GHz/4.0MB/쿨러포함),"69,000",인텔(소켓1200) / 14nm / 2코어 / 쓰레드 4개 / 기본 클럭: 4.0GHz / 4MB / 64비트 / 설계전력: 58W / 메모리 규격: DDR4 / 메모리 버스: 2666MHz / 인텔 UHD 610 / PCIe 3.0 / 기술 지원: 옵테인
47,[INTEL] 코어9세대 펜티엄 골드 G5420 정품박스 (커피레이크 리프레시/3.80GHz/4MB/쿨러포함),"76,500",인텔(소켓1151v2) / 14nm / 듀얼(2)코어 / 쓰레드 4개 / 3.80GHz / 4MB / 64비트 / 54W / DDR4 / 2400MHz / 인텔 UHD 610 / 350MHz / 하이퍼스레딩 / 옵테인
48,[INTEL] 코어10세대 i5-10400F 벌크 쿨러포함 (코멧레이크/2.90GHz/12MB/병행수입),"161,000",인텔(소켓1200) / 14nm / 6코어 / 쓰레드 12개 / 기본 클럭: 2.9GHz / 12MB / 64비트 / 설계전력: 65W / 메모리 규격: DDR4 / 메모리 버스: 2666MHz / 내장그래픽 미포함
49,[AMD] 라이젠 5 마티스 3600 (헥사코어/3.6GHz/쿨러포함/대리점정품/멀티팩),"202,000","AMD(소켓AM4) / 3세대 (Zen 2) / 7nm / 헥사(6)코어 / 12쓰레드 / 기본 클럭: 3.6GHz / 최대 클럭: 4.2GHz / L3 캐시: 32MB / TDP: 65W / PCIe4.0 / 메모리 규격: DDR4 / 3200MHz / 내장그래픽: 미탑재 / 기술 지원: SenseMI , StoreMI / 쿨러: Wraith Stealth 포함 / AM4"
50,[INTEL] 코어10세대 i7-10700 정품박스 (코멧레이크 /2.90GHz/16MB/쿨러 포함),"360,000","인텔(소켓1200) / 14nm / 8코어 / 쓰레드 16개 / 기본 클럭: 2.9GHz / 16MB / 64비트 / 설계전력: 65W / 메모리 규격: DDR4 / 메모리 버스: 2933MHz / 인텔 UHD 630 / PCIe 3.0 / 기술 지원: 하이퍼스레딩 , 옵테인"
51,[INTEL] 코어9세대 i5-9400F 정품박스 (커피레이크 리프레시/2.90GHz/9MB/쿨러포함),"155,700",9세대 커피레이크 R 코어 i5 / LGA1151-V2 / 14nm / 헥사(6)코어 / 쓰레드 6개 / 2.9GHz / 터보부스트 4.1GHz / 9MB / 64비트 / 65W / 옵테인 / 박스(쿨러포함) / / 내장그래픽 미포함
52,[INTEL] 인텔 코어7세대 셀러론 G3930 벌크 쿨러포함 (카비레이크/2.9GHz/2MB/병행수입),"43,800",셀러론 G3930(2.9GHz) / 듀얼코어 / 카비레이크(KabyLake) / 14nm / 2MB버퍼 / LGA1151 / 병행수입 벌크 / 쿨러포함
53,[INTEL] 코어10세대 i5-10400 벌크 쿨러포함 (코멧레이크/2.90GHz/12MB/병행수입),"193,830",인텔(소켓1200) / 14nm / 6코어 / 쓰레드 12개 / 기본 클럭: 2.9GHz / 12MB / 64비트 / 설계전력: 65W / 메모리 규격: DDR4 / 메모리 버스: 2666MHz / 인텔 UHD 630 / PCIe 3.0
54,[AMD] 라이젠 5 마티스 3500 (헥사코어/3.6GHz/쿨러포함/대리점정품/멀티팩),"147,000",AMD(소켓AM4) / 3세대 (Zen 2) / 7nm / 헥사(6)코어 / 쓰레드 6개 / 3.6GHz / 3MB / 16MB / 65W / PCIe 4.0 / DDR4 / 3200MHz / XFR / SENSEMI / Wraith Stealth 쿨러 포함
55,[INTEL] 코어10세대 i7-10700 벌크 쿨러포함 (코멧레이크 /2.90GHz/16MB/병행수입),"338,000",인텔(소켓1200) / 14nm / 8코어 / 쓰레드 16개 / 기본 클럭: 2.9GHz / 16MB / 64비트 / 설계전력: 65W / 메모리 규격: DDR4 / 메모리 버스: 2933MHz / 인텔 UHD 630 / PCIe 3.0
56,[AMD] 라이젠5 버미어 5600X (6코어/12스레드/3.7GHz/쿨러포함/대리점정품/멀티팩),"415,000","AMD(소켓AM4) / 4세대 (Zen 3) / 7nm / 헥사(6)코어 / 12쓰레드 / 기본 클럭: 3.7GHz / 최대 클럭: 4.6GHz / L3 캐시: 32MB / TDP: 65W / PCIe4.0 / 메모리 규격: DDR4 / 3200MHz / 내장그래픽: 미탑재 / 기술 지원: StoreMI, Ryzen Master, VR Ready 프리미엄 / 쿨러: Wraith Stealth 포함 / AM4"
57,[INTEL] 인텔 펜티엄 골드 G6400 벌크 쿨러포함 (코멧레이크/4.0GHz/4MB/병행수입),"69,000",인텔(소켓1200) / 14nm / 2코어 / 쓰레드 4개 / 기본 클럭: 4.0GHz / 4MB / 64비트 / 설계전력: 58W / 메모리 규격: DDR4 / 메모리 버스: 2666MHz / 인텔 UHD 610 / PCIe 3.0
58,[INTEL] 코어10세대 i7-10700F 정품박스 (코멧레이크 /2.90GHz/16MB/쿨러 포함),"335,000","인텔(소켓1200) / 14nm / 옥타(8)코어 / 쓰레드 16개 / 기본 클럭: 2.9GHz / 16MB / 64비트 / 설계전력: 65W / 메모리 규격: DDR4 / 메모리 버스: 2933MHz / PCIe 3.0 / 기술 지원: 하이퍼스레딩, 옵테인 / 출시가: 298~310달러(VAT별도)"
59,[INTEL] 코어10세대 i3-10100 정품박스 (코멧레이크 /3.60GHz/6MB/쿨러 포함),"139,000","인텔(소켓1200) / 14nm / 4코어 / 쓰레드 8개 / 기본 클럭: 3.6GHz / 6MB / 64비트 / 설계전력: 65W / 메모리 규격: DDR4 / 메모리 버스: 2666MHz / 인텔 UHD 630 / PCIe 3.0 / 기술 지원: 하이퍼스레딩 , 옵테인"
60,[AMD] 라이젠 7 마티스 3800XT (옥타코어/3.9GHz/쿨러미포함/대리점정품),"399,000","AMD(소켓AM4) / 3세대 (Zen 2) / 7nm / 옥타(8)코어 / 16쓰레드 / 기본 클럭: 3.9GHz / 최대 클럭: 4.7GHz / GAME캐시: 36MB / TDP: 105W / PCIe4.0 / 메모리 규격: DDR4 / 3200MHz / 내장그래픽: 미탑재 / 기술 지원: SenseMI , StoreMI / 쿨러미포함"
61,[INTEL] 코어10세대 i5-10400F 벌크 쿨러미포함 (코멧레이크/2.90GHz/12MB/병행수입),"158,000",인텔(소켓1200) / 14nm / 6코어 / 쓰레드 12개 / 기본 클럭: 2.9GHz / 12MB / 64비트 / 설계전력: 65W / 메모리 규격: DDR4 / 메모리 버스: 2666MHz / 내장그래픽 미포함 / LGA 1200
62,[INTEL] 셀러론 G4930 정품박스 (커피레이크 리프레시/3.2GHz/2.0MB/쿨러포함),"46,900",인텔(소켓1151v2) / 14nm / 듀얼(2)코어 / 2쓰레드 / 기본 클럭: 3.20GHz / L3 캐시: 2MB / 설계전력: 54W / 메모리 규격: DDR4 / 메모리 버스: 2400MHz / 인텔 UHD 610 / 기술 지원: 옵테인 / 쿨러: 인텔 기본쿨러 포함
63,[AMD] 라이젠 7 버미어 5800X (8코어/16스레드/3.8GHz/쿨러미포함/대리점정품/멀티팩),"566,000","AMD(소켓AM4) / 4세대 (Zen 3) / 7nm / 옥타(8)코어 / 16쓰레드 / 기본 클럭: 3.8GHz / 최대 클럭: 4.7GHz / L3 캐시: 32MB / TDP: 105W / PCIe4.0 / 메모리 규격: DDR4 / 3200MHz / 내장그래픽: 미탑재 / 기술 지원: StoreMI, Ryzen Master, VR Ready 프리미엄 / 쿨러: 미포함"
64,[AMD] 라이젠 7 마티스 3700X (옥타코어/3.6GHz/쿨러포함/대리점정품/멀티팩),"375,000","AMD(소켓AM4) / 3세대 (Zen 2) / 7nm / 옥타(8)코어 / 16쓰레드 / 기본 클럭: 3.6GHz / 최대 클럭: 4.4GHz / L3 캐시: 32MB / TDP: 65W / PCIe4.0 / 메모리 규격: DDR4 / 3200MHz / 내장그래픽: 미탑재 / 기술 지원: SenseMI , StoreMI / 쿨러: Wraith PRISM 포함"
65,[INTEL] 코어10세대 i3-10100 벌크 쿨러미포함 (코멧레이크/3.60GHz/6MB/병행수입),"124,800",인텔(소켓1200) / 14nm / 4코어 / 쓰레드 8개 / 기본 클럭: 3.6GHz / 6MB / 64비트 / 설계전력: 65W / 메모리 규격: DDR4 / 메모리 버스: 2666MHz / 인텔 UHD 630 / PCIe 3.0
66,[INTEL] 코어10세대 i7-10700K 정품박스 (코멧레이크 /3.80GHz/16MB/쿨러 미포함),"429,000","인텔(소켓1200) / 14nm / 8코어 / 쓰레드 16개 / 기본 클럭: 3.8GHz / 16MB / 64비트 / 설계전력: 125W / 메모리 규격: DDR4 / 메모리 버스: 2933MHz / 인텔 UHD 630 / PCIe 3.0 / 기술 지원: 하이퍼스레딩 , 옵테인"
67,[INTEL] 코어10세대 i7-10700F 벌크 (코멧레이크 /2.90GHz/16MB/쿨러 포함),"324,130","인텔(소켓1200) / 14nm / 옥타(8)코어 / 쓰레드 16개 / 기본 클럭: 2.9GHz / 16MB / 64비트 / 설계전력: 65W / 메모리 규격: DDR4 / 메모리 버스: 2933MHz / PCIe 3.0 / 기술 지원: 하이퍼스레딩, 옵테인"
68,[INTEL] 인텔 코어9세대 i5-9400F 벌크 쿨러미포함 (커피레이크 리프레시/2.9GHz/9MB/병행수입),"150,000",Core i5-9400F(2.9GHz) / 헥사코어 / 커피레이크(Coffee Lake Refresh) / 14nm / 9MB버퍼 / LGA1151-V2 / 내장그래픽 미지원 / 쿨러미포함 / 9세대커피레이크R
69,[INTEL] 코어9세대 i3-9100F 정품박스 (커피레이크 리프레시/3.60GHz/6MB/쿨러포함),"100,000",9세대 커피레이크 R / 코어 i3 / 쿼드(4)코어 / LGA1151-V2 / 3.6~4.0GHz / 박스(쿨러포함) / 14nm / 6MB / 내장그래픽 미포함
70,[INTEL] 인텔 코어9세대 i5-9400F 벌크 쿨러포함 (커피레이크 리프레시/2.9GHz/9MB/병행수입),"153,000",인텔(소켓1151v2) / 9세대 코어 i5 / 14nm / 헥사(6)코어 / 쓰레드 6개 / 2.9GHz / 부스트 4.1GHz / 9MB / 내장그래픽 미지원 / 쿨러포함 / 벌크(쿨러포함) / 내장그래픽미포함
71,[INTEL] 코어10세대 i3-10100F 벌크 (코멧레이크 /3.60GHz/6MB/쿨러 포함),"127,710","인텔(소켓1200) / 14nm / 쿼드(4)코어 / 8쓰레드 / 기본 클럭: 3.6GHz / 최대 클럭: 4.3GHz / L3 캐시: 6MB / TDP: 65W / PCIe3.0 / 메모리 규격: DDR4 / 2666MHz / 내장그래픽: 미탑재 / 기술 지원: 하이퍼스레딩 , 옵테인 / 쿨러: 인텔 기본쿨러 포함"
72,[INTEL] 코어 10세대 G5905 정품박스 (코멧레이크/3.50GHz/4MB/쿨러 포함),"48,880",인텔(소켓1200) / 14nm / 듀얼(2)코어 / 2쓰레드 / 기본 클럭: 3.5GHz  / L3 캐시: 4MB / TDP: 58W / PCIe3.0 / 메모리 규격: DDR4 / 2666MHz / 내장그래픽: 탑재  /  쿨러: 포함
73,[INTEL] 코어9세대 i3-9100 정품벌크 (커피레이크 리프레시/3.60GHz/6MB/쿨러미포함),"131,000",인텔(소켓1151v2) / 14nm / 쿼드(4)코어 / 쓰레드 4개 / 기본 클럭: 3.6GHz / 6MB / 설계전력: 65W / 메모리 규격: DDR4 / 메모리 버스: 2400MHz / 인텔 UHD 630 / PCIe 3.0 / 기술 지원: 옵테인
74,[INTEL] 코어10세대 i7-10700 벌크 쿨러미포함 (코멧레이크 /2.90GHz/16MB/병행수입),"335,000",인텔(소켓1200) / 14nm / 8코어 / 쓰레드 16개 / 기본 클럭: 2.9GHz / 16MB / 64비트 / 설계전력: 65W / 메모리 규격: DDR4 / 메모리 버스: 2933MHz / 인텔 UHD 630 / PCIe 3.0
75,[AMD] 라이젠 3 마티스 3300X (쿼드코어/3.8GHz/쿨러포함/대리점정품/멀티팩),"150,000","AMD(소켓AM4) / 3세대 (Zen 2) / 7nm / 쿼드(4)코어 / 8쓰레드 / 기본 클럭: 3.8GHz / 최대 클럭: 4.3GHz / L3 캐시: 16MB / TDP: 65W / PCIe4.0 / 메모리 규격: DDR4 / 3200MHz / 내장그래픽: 미탑재 / 기술 지원: SenseMI , StoreMI / 쿨러: Wraith Stealth 포함"
76,[INTEL] 코어10세대 i5-10500 벌크 쿨러포함 (코멧레이크/3.10GHz/12MB/병행수입),"212,000",인텔(소켓1200) / 14nm / 6코어 / 쓰레드 12개 / 기본 클럭: 3.1GHz / 12MB / 64비트 / 설계전력: 65W / 메모리 규격: DDR4 / 메모리 버스: 2666MHz / 인텔 UHD 630 / PCIe 3.0
77,[INTEL] 코어10세대 i5-10600KF 벌크 (코멧레이크 /4.10GHz/12MB/쿨러 미포함),"213,460","인텔(소켓1200) / 14nm / 헥사(6)코어 / 12쓰레드 / 기본 클럭: 4.1GHz / 최대 클럭: 4.8GHz / L3 캐시: 12MB / TDP: 125W / PCIe3.0 / 메모리 규격: DDR4 / 2666MHz / 내장그래픽: 미탑재 / 기술 지원: 하이퍼스레딩 , 옵테인 / 쿨러: 미포함"
78,[INTEL] 코어9세대 i7-9700 벌크 쿨러포함 (커피레이크 리프레시/3.0GHz/12MB/병행수입),"301,360",Core i7-9700(3.0GHz) / 옥타코어 / 커피레이크(Coffee Lake Refresh) / 14nm / 12MB버퍼 / LGA1151-V2 / 쿨러포함
79,[INTEL] 인텔 셀러론 G5905 벌크 쿨러포함 (코멧레이크/3.5GHz/4MB/병행수입),"47,500",인텔(소켓1200) / 14nm / 듀얼(2)코어 / 2쓰레드 / 기본 클럭: 3.5GHz / L3 캐시: 4MB / TDP: 58W / PCIe3.0 / 메모리 규격: DDR4 / 2666MHz / 내장그래픽: 탑재 / 병행수입 벌크 / 쿨러포함
80,[INTEL] 인텔 코어9세대 i5-9400 벌크 쿨러포함 (커피레이크 리프레시/2.9GHz/9MB/병행수입),"191,360",인텔(소켓1151v2) / 14nm / 헥사(6)코어 / 6쓰레드 / 기본 클럭: 2.9GHz / L3 캐시: 9MB / 설계전력: 65W / 메모리 규격: DDR4 / 메모리 버스: 2666MHz / 인텔 UHD 630 / 기술 지원: 옵테인 / 쿨러: 인텔 기본쿨러 포함
81,[INTEL] 인텔 코어9세대 i5-9500 벌크 쿨러미포함 (커피레이크 리프레시/3.0GHz/9MB/병행수입),"198,830",Core i5-9500(3.0GHz) / 헥사(6)코어 / 커피레이크(Coffee Lake Refresh) / 14nm / 9MB버퍼 / LGA1151-V2 / 쿨러미포함
82,[INTEL] 코어9세대 i7-9700  벌크 쿨러미포함 (커피레이크 리프레시/3.0GHz/12MB/병행수입),"299,000",Core i7-9700(3.0GHz) / 옥타코어 / 커피레이크(Coffee Lake Refresh) / 14nm / 12MB버퍼 / LGA1151-V2 / 쿨러미포함
83,[INTEL] 코어10세대 i9-10900K 정품박스 (코멧레이크 /3.70GHz/20MB/쿨러 미포함),"574,000","인텔(소켓1200) / 14nm / 10코어 / 쓰레드 20개 / 기본 클럭: 3.7GHz / 20MB / 64비트 / 설계전력: 125W / 메모리 규격: DDR4 / 메모리 버스: 2933MHz / 인텔 UHD 630 / PCIe 3.0 / 기술 지원: 하이퍼스레딩 , 옵테인"
84,[INTEL] 코어10세대 i3-10100F 벌크 (코멧레이크 /3.60GHz/6MB/쿨러 미포함),"124,800","인텔(소켓1200) / 14nm / 쿼드(4)코어 / 8쓰레드 / 기본 클럭: 3.6GHz / 최대 클럭: 4.3GHz / L3 캐시: 6MB / TDP: 65W / PCIe3.0 / 메모리 규격: DDR4 / 2666MHz / 내장그래픽: 미탑재 / 기술 지원: 하이퍼스레딩 , 옵테인 / 쿨러미포함"
85,[INTEL] 코어10세대 i5-10400 벌크 쿨러미포함 (코멧레이크/2.90GHz/12MB/병행수입),"192,000",인텔(소켓1200) / 14nm / 6코어 / 쓰레드 12개 / 기본 클럭: 2.9GHz / 12MB / 64비트 / 설계전력: 65W / 메모리 규격: DDR4 / 메모리 버스: 2666MHz / 인텔 UHD 630 / PCIe 3.0
86,[INTEL] 인텔 코어8세대 i5-8500 벌크 쿨러미포함 (커피레이크/3.0GHz/9MB/병행수입),"202,000",Core i5-8500(3.0GHz) / 헥사코어 / 커피레이크(CoffeeLake) / 14nm / 9MB버퍼 / LGA1151-V2 / 병행수입 벌크 / 쿨러미포함
87,[INTEL] 코어10세대 i7-10700F 벌크 (코멧레이크 /2.90GHz/16MB/쿨러 미포함),"321,300","인텔(소켓1200) / 14nm / 옥타(8)코어 / 쓰레드 16개 / 기본 클럭: 2.9GHz / 16MB / 64비트 / 설계전력: 65W / 메모리 규격: DDR4 / 메모리 버스: 2933MHz / PCIe 3.0 / 기술 지원: 하이퍼스레딩, 옵테인"
88,[INTEL] 코어10세대 i9-10900F 정품박스 (코멧레이크 /2.80GHz/20MB/쿨러 포함),"467,000","인텔(소켓1200) / 14nm / 10코어 / 쓰레드 20개 / 기본 클럭: 2.8GHz / 20MB / 64비트 / 설계전력: 65W / 메모리 규격: DDR4 / 메모리 버스: 2933MHz / PCIe 3.0 / 기술 지원: 하이퍼스레딩 , 옵테인"
89,[INTEL] 인텔 코어9세대 i5-9500 벌크 쿨러포함 (커피레이크 리프레시/3.0GHz/9MB/병행수입),"201,950",Core i5-9500(3.0GHz) / 헥사(6)코어 / 커피레이크(Coffee Lake Refresh) / 14nm / 9MB버퍼 / LGA1151-V2 / 쿨러포함
90,[INTEL] 코어10세대 i5-10600K 정품박스 (코멧레이크 /4.10GHz/12MB/쿨러 미포함),"313,000","인텔(소켓1200) / 14nm / 6코어 / 쓰레드 12개 / 기본 클럭: 4.1GHz / 12MB / 64비트 / 설계전력: 125W / 메모리 규격: DDR4 / 메모리 버스: 2666MHz / 인텔 UHD 630 / PCIe 3.0 / 기술 지원: 하이퍼스레딩 , 옵테인"
91,[INTEL] 인텔 코어8세대 i7-8700 벌크 쿨러포함 (커피레이크/3.2GHz/12MB/병행수입),"336,000",Core i7-8700(3.2GHz) / 헥사코어 / 커피레이크(CoffeeLake) / 14nm / 12MB버퍼 / LGA1151-V2 / 병행수입 벌크 / 쿨러포함
92,[INTEL] 코어9세대 i7-9700 정품박스 (커피레이크 리프레시/3.00GHz/12MB/쿨러포함),"342,050",9세대 커피레이크R / 코어 i7 / 옥타(8) 코어 / LGA 1151-V2 / 2.6 ~ 3.0GHz / 14nm / 12MB 이상 / HD 630 / 박스 (쿨러포함)
93,[INTEL] 인텔 코어9세대 펜티엄 골드 G5420 벌크 쿨러포함 (커피레이크 리프레시/3.8GHz/4MB/병행수입),"74,400",펜티엄 골드 G5420(3.8GHz) / 듀얼(2)코어 / 커피레이크 리플레시 / 14nm / 4MB버퍼 / 64비트지원 / LGA1151v2 / 병행수입 벌크 / 쿨러포함
94,[INTEL] 인텔 펜티엄 골드 G6400 벌크 쿨러미포함 (코멧레이크/4.0GHz/4MB/병행수입),"66,000",인텔(소켓1200) / 14nm / 2코어 / 쓰레드 4개 / 기본 클럭: 4.0GHz / 4MB / 64비트 / 설계전력: 58W / 메모리 규격: DDR4 / 메모리 버스: 2666MHz / 인텔 UHD 610 / PCIe 3.0
95,[INTEL] 코어10세대 i7-10700K 벌크 쿨러미포함 (코멧레이크/3.80GHz/16MB/병행수입),"410,000",인텔(소켓1200) / 14nm / 8코어 / 쓰레드 16개 / 기본 클럭: 3.8GHz / 16MB / 64비트 / 설계전력: 125W / 메모리 규격: DDR4 / 메모리 버스: 2933MHz / 인텔 UHD 630 / PCIe 3.0
96,[INTEL] 코어10세대 i7-10700KF 정품박스 (코멧레이크 /3.80GHz/16MB/쿨러 미포함),"400,000","인텔(소켓1200) / 14nm / 옥타(8)코어 / 쓰레드 16개 / 기본 클럭: 3.8GHz / 16MB / 64비트 / 설계전력: 125W / 메모리 규격: DDR4 / 메모리 버스: 2933MHz / PCIe 3.0 / 기술 지원: 하이퍼스레딩 , 옵테인"
97,[INTEL] 코어10세대 i9-10900 정품박스 (코멧레이크 /2.80GHz/20MB/쿨러 포함),"503,500","인텔(소켓1200) / 14nm / 10코어 / 쓰레드 20개 / 기본 클럭: 2.8GHz / 20MB / 64비트 / 설계전력: 65W / 메모리 규격: DDR4 / 메모리 버스: 2933MHz / 인텔 UHD 630 / PCIe 3.0 / 기술 지원: 하이퍼스레딩 , 옵테인"
98,[INTEL] 인텔 코어9세대 펜티엄 골드 G5420 벌크 쿨러미포함 (커피레이크 리프레시/3.8GHz/4MB/병행수입),"73,000",펜티엄 골드 G5420(3.8GHz) / 듀얼(2)코어 / 커피레이크 리플레시 / 14nm / 4MB버퍼 / 64비트지원 / LGA1151v2 / 병행수입 벌크 / 쿨러미포함
99,[INTEL] 인텔 코어9세대 i5-9600KF 벌크 쿨러포함 (커피레이크 리프레시/3.7GHz/9MB/병행수입),"199,000",9세대 커피레이크 R / 코어 i5 / 헥사(6)코어 / LGA1151-V2 / 3.6~4.0GHz / 9MB / 14nm / 내장그래픽미포함 / 벌크(쿨러포함)
100,[INTEL] 코어10세대 i5-10500 벌크 쿨러미포함 (코멧레이크/3.10GHz/12MB/병행수입),"209,000",인텔(소켓1200) / 14nm / 6코어 / 쓰레드 12개 / 기본 클럭: 3.1GHz / 12MB / 64비트 / 설계전력: 65W / 메모리 규격: DDR4 / 메모리 버스: 2666MHz / 인텔 UHD 630 / PCIe 3.0
101,[INTEL] 인텔 코어9세대 i5-9400 벌크 쿨러미포함 (커피레이크 리프레시/2.9GHz/9MB/병행수입),"188,000",Core i5-9400(2.9GHz) / 헥사코어 / 커피레이크(Coffee Lake Refresh) / 14nm / 9MB버퍼 / LGA1151-V2 / 내장그래픽 / 쿨러미포함 / 9세대커피레이크R
102,[INTEL] 코어10세대 i5-10600KF 벌크 (코멧레이크 /4.10GHz/12MB/쿨러포함),"213,400","인텔(소켓1200) / 14nm / 헥사(6)코어 / 12쓰레드 / 기본 클럭: 4.1GHz / 최대 클럭: 4.8GHz / L3 캐시: 12MB / TDP: 125W / PCIe3.0 / 메모리 규격: DDR4 / 2666MHz / 내장그래픽: 미탑재 / 기술 지원: 하이퍼스레딩 , 옵테인 / 쿨러: 미포함"
103,[INTEL] 인텔 셀러론 G5905 벌크 쿨러미포함 (코멧레이크/3.5GHz/4MB/병행수입),"44,500",인텔(소켓1200) / 14nm / 듀얼(2)코어 / 2쓰레드 / 기본 클럭: 3.5GHz / L3 캐시: 4MB / TDP: 58W / PCIe3.0 / 메모리 규격: DDR4 / 2666MHz / 내장그래픽: 탑재 / 병행수입 벌크 / 쿨러미포함
104,[INTEL] 코어10세대 i9-10850K 정품박스 (코멧레이크 /3.60GHz/20MB/쿨러 미포함),"512,000","인텔(소켓1200) / 14nm / 10코어 / 20쓰레드 / 기본 클럭: 3.6GHz / 최대 클럭: 5.2GHz / L3 캐시: 20MB / TDP: 125W / PCIe3.0 / 메모리 규격: DDR4 / 2933MHz / 내장그래픽: 탑재 / 인텔 UHD 630 / 기술 지원: 하이퍼스레딩 , 옵테인 / 쿨러: 미포함 /"
105,[INTEL] 코어10세대 i9-10900K 벌크 쿨러미포함 (코멧레이크/3.7GHz/20MB/병행수입),"561,750",인텔(소켓1200) / 14nm / 10코어 / 쓰레드 20개 / 기본 클럭: 3.7GHz / 20MB / 64비트 / 설계전력: 125W / 메모리 규격: DDR4 / 메모리 버스: 2933MHz / 인텔 UHD 630 / PCIe 3.0
106,[INTEL] 인텔 코어9세대 i5-9600KF 벌크 쿨러미포함 (커피레이크 리프레시/3.7GHz/9MB/병행수입),"196,000",9세대 커피레이크 R / 코어 i5 / 헥사(6)코어 / LGA1151-V2 / 3.6~4.0GHz / 9MB / 14nm / 내장그래픽미포함 / 벌크(쿨러미포함)
107,[INTEL] 코어10세대 i5-10600K 벌크 쿨러포함 (코멧레이크/4.10GHz/12MB/병행수입),"280,000",인텔(소켓1200) / 14nm / 6코어 / 쓰레드 12개 / 기본 클럭: 4.1GHz / 12MB / 64비트 / 설계전력: 125W / 메모리 규격: DDR4 / 메모리 버스: 2666MHz / 인텔 UHD 630 / PCIe 3.0
108,[INTEL] 인텔 코어7세대 셀러론 G3930 벌크 쿨러미포함 (카비레이크/2.9GHz/2MB/병행수입),"41,110",셀러론 G3930(2.9GHz) / 듀얼코어 / 카비레이크(KabyLake) / 14nm / 2MB버퍼 / LGA1151 / 벌크(쿨러미포함)
109,[INTEL] 코어9세대 i7-9700F 정품박스 (커피레이크 리프레시/3.0GHz/12MB/쿨러포함),"333,010",9세대커피레이크R / 코어i7 / 옥타(8)코어 / LGA1151-V2 / 2.6~3.0GHz / 박스(쿨러포함) / 14nm / 12MB이상 / 내장그래픽미포함
110,[INTEL] 코어9세대 i5-9400F 병행수입 박스 (커피레이크 리프레시/2.9GHz/9MB/쿨러포함),"152,920",Core i5-9400F(2.9GHz) / 헥사코어 / 커피레이크(Coffee Lake Refresh) / 14nm / 9MB버퍼 / LGA1151-V2 / 내장그래픽 미지원 / 쿨러포함
111,[INTEL] 인텔 코어8세대 i5-8500 벌크 쿨러포함 (커피레이크/3.0GHz/9MB/병행수입),"205,000",Core i5-8500(3.0GHz) / 헥사코어 / 커피레이크(CoffeeLake) / 14nm / 9MB버퍼 / LGA1151-V2 / 병행수입 벌크 / 쿨러포함
112,[INTEL] 인텔 셀러론 G4930 벌크 쿨러미포함 (커피레이크 리프레시/3.2GHz/2MB/병행수입),"47,250",셀러론 G4930(3.2GHz) / 듀얼코어 / 커피레이크 리프레시(CoffeeLake) / 14nm / 2MB버퍼 / LGA1151-V2 / 병행수입 벌크/ 쿨러미포함
113,[AMD] 라이젠9 버미어 5950X (16코어/32스레드/3.4GHz/쿨러미포함/대리점정품),"1,120,000",AMD(소켓AM4) / 4세대/ 7nm / 16코어 / 32쓰레드 / 기본 클럭: 3.4GHz / 최대 클럭: 4.9GHz / L3 캐시: 64MB / TDP: 105W / PCIe4.0 / 메모리 규격: DDR4 / 3200MHz / 내장그래픽: 미탑재 / 쿨러미포함
114,[INTEL] 코어10세대 i9-10900F 벌크 쿨러미포함 (코멧레이크 /2.80GHz/20MB/병행수입),"451,500",인텔(소켓1200) / 14nm / 10코어 / 쓰레드 20개 / 기본 클럭: 2.8GHz / 20MB / 64비트 / 설계전력: 65W / 메모리 규격: DDR4 / 메모리 버스: 2933MHz / PCIe 3.0 / 벌크(쿨러미포함) / 내장그래픽미포함
115,[INTEL] 인텔 코어9세대 i7-9700KF 벌크 쿨러미포함 (커피레이크 리프레시/3.6GHz/12MB/병행수입),"313,420",9세대 커피레이크 R / 코어 i7 / 옥타(8)코어 / LGA1151-V2 / 3.6~4.0GHz / 벌크(쿨러미포함) / 12MB 이상 / 14nm / 내장그래픽미포함
116,[INTEL] 코어10세대 i7-10700K 어벤져스 에디션 정품박스 (코멧레이크 /3.80GHz/16MB/쿨러 미포함),"420,000","인텔(소켓1200) / 14nm / 8코어 / 쓰레드 16개 / 기본 클럭: 3.8GHz / 16MB / 64비트 / 설계전력: 125W / 메모리 규격: DDR4 / 메모리 버스: 2933MHz / 인텔 UHD 630 / PCIe 3.0 / 기술 지원: 하이퍼스레딩 , 옵테인"
117,[INTEL] 코어10세대 i5-10600K 벌크 쿨러미포함 (코멧레이크/4.10GHz/12MB/병행수입),"277,000",인텔(소켓1200) / 14nm / 6코어 / 쓰레드 12개 / 기본 클럭: 4.1GHz / 12MB / 64비트 / 설계전력: 125W / 메모리 규격: DDR4 / 메모리 버스: 2666MHz / 인텔 UHD 630 / PCIe 3.0
118,[INTEL] 코어10세대 i9-10940X 정품박스 (캐스케이드레이크/3.30GHz/19.25MB/쿨러미포함),"1,050,000",인텔(소켓2066) / 14nm / 14코어 / 쓰레드 28개 / 3.30GHz / 19.25MB / 165W / DDR4 / 2933MHz / PCIe 3.0 / 하이퍼스레딩 / 옵테인
119,[AMD] 라이젠 9 마티스 3950X 정품박스 (16코어/3.5GHz/쿨러미포함/대리점정품),"904,000",AMD(소켓AM4) / 3세대 (Zen 2) / 7nm / 16코어 / 32쓰레드 / 기본 클럭: 3.5GHz / L3 캐시: 64MB / 설계전력: 105W / PCIe4.0 / 메모리 규격: DDR4 / 메모리 버스: 3200MHz / 쿨러: 미포함
120,[AMD] 라이젠 스레드리퍼 3970X 정품박스 (32코어/3.7GHz/쿨러미포함/대리점정품/Threadripper),"2,612,270","AMD(소켓sTRX4) / 3세대 (Zen 2) / 7nm / 32코어 / 64쓰레드 / 기본 클럭: 3.7GHz / L3 캐시: 128MB / 설계전력: 280W / PCIe4.0 / 메모리 규격: DDR4 / 메모리 버스: 3200MHz / 기술 지원: XFR, SENSEMI / 쿨러: 미포함 / 쿼드 채널 ECC 메모리 지원"
121,[INTEL] 코어9세대 i3-9100F 병행수입 박스 (커피레이크 리프레시/3.60GHz/6MB/쿨러포함),"100,700",9세대 커피레이크 R / 코어 i3 / 쿼드(4)코어 / LGA1151-V2 / 3.6~4.0GHz / 박스(쿨러포함) / 6MB / 14nm / 내장그래픽미포함
122,[INTEL] 인텔 코어7세대 i3-7100 벌크 쿨러포함 (카비레이크/3.9GHz/3MB/병행수입),"105,300",Core i3-7100(3.9GHz) / 듀얼코어 / 카비레이크(KabyLake) / 14nm / 3MB버퍼 / LGA1151 / 벌크 / 쿨러포함
123,[INTEL] 코어10세대 i9-10980XE 정품박스 (캐스케이드레이크/3.0GHz/24.75MB/쿨러미포함),"1,291,500",인텔(소켓2066) / 14nm / 18코어 / 쓰레드 36개 / 3.0GHz / 24.75MB / 165W / DDR4 / 2933MHz / PCIe 3.0 / 하이퍼스레딩 / 옵테인
124,[INTEL] 코어10세대 i9-10900KF 정품박스 (코멧레이크 /3.70GHz/20MB/쿨러 미포함),"620,000","인텔(소켓1200) / 14nm / 10코어 / 쓰레드 20개 / 기본 클럭: 3.7GHz / 20MB / 64비트 / 설계전력: 125W / 메모리 규격: DDR4 / 메모리 버스: 2933MHz / PCIe 3.0 / 기술 지원: 하이퍼스레딩 , 옵테인 / LGA 1200"
125,[INTEL] 코어10세대 i7-10700K 벌크 쿨러포함 (코멧레이크/3.80GHz/16MB/병행수입),"413,000",인텔(소켓1200) / 14nm / 8코어 / 쓰레드 16개 / 기본 클럭: 3.8GHz / 16MB / 64비트 / 설계전력: 125W / 메모리 규격: DDR4 / 메모리 버스: 2933MHz / 인텔 UHD 630 / PCIe 3.0
126,[INTEL] 코어10세대 i9-10900 벌크 쿨러미포함 (코멧레이크/2.8GHz/20MB/병행수입),"485,000",인텔(소켓1200) / 14nm / 10코어 / 쓰레드 20개 / 기본 클럭: 2.8GHz / 20MB / 64비트 / 설계전력: 65W / 메모리 규격: DDR4 / 메모리 버스: 2933MHz / 인텔 UHD 630 / PCIe 3.0
127,[AMD] 라이젠 스레드리퍼 3960X 정품박스 (24코어/3.8GHz/쿨러미포함/대리점정품/Threadripper),"1,776,600",AMD(소켓sTRX4) / 3세대 (Zen 2) / 7nm / 24코어 / 쓰레드 48개 / 3.8GHz / 12MB / 128MB / 280W / PCIe 4.0 / DDR4 / 3200MHz / XFR / SENSEMI / 64비트 / 정품: 쿨러 미포함 / 쿼드 채널 ECC 메모리 지원
128,[INTEL] 코어10세대 i7-10700 정품벌크 (코멧레이크 /2.90GHz/16MB/쿨러 미포함),"395,000","인텔(소켓1200) / 14nm / 8코어 / 쓰레드 16개 / 기본 클럭: 2.9GHz / 16MB / 64비트 / 설계전력: 65W / 메모리 규격: DDR4 / 메모리 버스: 2933MHz / 인텔 UHD 630 / PCIe 3.0 / 기술 지원: 하이퍼스레딩 , 옵테인"
129,[INTEL] 코어10세대 i9-10900X 벌크 (캐스케이드레이크/3.7GHz/19.25MB/쿨러미포함),"665,700",인텔(소켓2066) / 10코어 / 쓰레드 20개 / 3.7GHz / 19.25MB / 165W / DDR4 / 2933MHz / PCIe 3.0 / 하이퍼스레딩 / 옵테인 / 10세대 캐스케이드레이크 / 코어 i9 / 데카(10) 코어 / 박스 (쿨러미포함) / 14nm
130,[INTEL] 인텔 코어9세대 i9-9900KF 벌크 쿨러미포함 (커피레이크 리프레시/3.6GHz/16MB/병행수입),"420,200",9세대 커피레이크 R / 코어 i9 / 옥타(8)코어 / LGA1151-V2 / 3.6~4.0GHz / 벌크(쿨러미포함) / 내장그래픽미포함 / 14nm / 12MB 이상
131,[INTEL] 제온 스케일러블 실버 4210 정품(2.2G/13.75M/10코어/쿨러 미포함),"772,900",인텔(소켓3647) / 14nm / 10코어 / 쓰레드 20개 / 2.20GHz / 13.75MB / 85W / DDR4 / 2400MHz / PCIe 3.0 / 하이퍼스레딩
132,[INTEL] 코어9세대 i5-9600KF 정품박스 (커피레이크 리프레시/3.70GHz/9MB/쿨러미포함),"234,470",9세대 커피레이크 R / 코어 i5 / 헥사(6)코어 / LGA1151-V2 / 3.6~4.0GHz / 박스(쿨러미포함) / 14nm / 9MB / 내장그래픽 미포함
133,[INTEL] 제온 E5-2630 v4 정품박스 (브로드웰-EP/2.2GHz/25MB/쿨러미포함),"997,700",E5-2630 v4(2.2GHz) / 데카코어 / 브로드웰-EP(Broadwell-EP) / 14nm / 25MB버퍼 / LGA2011-V3 (제온) / 박스 / 쿨러미포함
134,[INTEL] 코어10세대 i9-10900 벌크 쿨러포함 (코멧레이크/2.8GHz/20MB/병행수입),"488,000",인텔(소켓1200) / 14nm / 10코어 / 쓰레드 20개 / 기본 클럭: 2.8GHz / 20MB / 64비트 / 설계전력: 65W / 메모리 규격: DDR4 / 메모리 버스: 2933MHz / 인텔 UHD 630 / PCIe 3.0
135,[INTEL] 코어10세대 i9-10900F 벌크 쿨러포함 (코멧레이크 /2.80GHz/20MB/병행수입),"454,440",인텔(소켓1200) / 14nm / 10코어 / 쓰레드 20개 / 기본 클럭: 2.8GHz / 20MB / 64비트 / 설계전력: 65W / 메모리 규격: DDR4 / 메모리 버스: 2933MHz / PCIe 3.0 / 벌크(쿨러포함) / 내장그래픽미포함
136,[INTEL] 인텔 제온 E-2174G 정품(커피레이크/3.8GHz/8MB/쿨러포함),"497,900",인텔(소켓1151) / 14nm / 쿼드(4)코어 / 쓰레드 8개 / 3.8GHz / 8MB / 64비트 / 71W / 인텔 UHD P630 / 350MHz / 하이퍼스레딩 / 옵테인
137,[INTEL] 인텔 제온 E-2176G 정품 (커피레이크/3.7GHz/12MB/쿨러포함),"551,000",인텔(소켓1151) / 14nm / 헥사(6)코어 / 쓰레드 12개 / 3.7GHz / 12MB / 64비트 / 80W / 인텔 UHD P630 / 350MHz / 하이퍼스레딩 / 옵테인
138,[INTEL] 제온 E-2224 정품박스(3.4GHz/8M/4코어/쿨러포함),"293,730",인텔(소켓1151v2) / 14nm / 쿼드(4)코어 / 쓰레드 4개 / 3.4GHz / 8MB / 64비트 / 71W / DDR4 / 2666MHz / PCIe 3.0 / 옵테인 /내장그래픽 미포함
139,[INTEL] 코어10세대 i9-10900K 벌크 쿨러포함 (코멧레이크/3.7GHz/20MB/병행수입),"564,690",인텔(소켓1200) / 14nm / 10코어 / 쓰레드 20개 / 기본 클럭: 3.7GHz / 20MB / 64비트 / 설계전력: 125W / 메모리 규격: DDR4 / 메모리 버스: 2933MHz / 인텔 UHD 630 / PCIe 3.0
140,[INTEL] 코어9세대 i5-9500 정품벌크 (커피레이크 리프레시/3.00GHz/9MB/쿨러미포함),"229,000",인텔(소켓1151v2) / 14nm / 헥사(6)코어 / 쓰레드 6개 / 3.0GHz / 9MB / 64비트 / 65W / 옵테인
141,[INTEL] 인텔 코어9세대 i9-9900KF 벌크 쿨러포함 (커피레이크 리프레시/3.6GHz/16MB/병행수입),"420,200",9세대 커피레이크 R / 코어 i9 / 옥타(8)코어 / LGA1151-V2 / 3.6~4.0GHz / 벌크(쿨러포함) / 12MB 이상 / 14nm / 내장그래픽미포함
142,[INTEL] 제온 스케일러블 골드 6234 정품(3.3G/24.75M/8코어/쿨러 미포함),"3,343,000",인텔(소켓3647) / 14nm / 옥타(8)코어 / 쓰레드 16개 / 3.30GHz / 24.75MB / 130W / DDR4 / 2933MHz / PCIe 3.0 / 하이퍼스레딩 / 옵테인
143,[INTEL] 제온 스케일러블 골드 6240 정품(2.6G/24.75M/18코어/쿨러 미포함),"3,630,000",인텔(소켓3647) / 14nm / 18코어 / 쓰레드 36개 / 2.60GHz / 24.75MB / 150W / DDR4 / 2933MHz / PCIe 3.0 / 하이퍼스레딩 / 옵테인
144,[INTEL] 제온 스케일러블 실버 4208 정품(2.1G/11M/8코어/쿨러 미포함),"633,150",인텔(소켓3647) / 14nm / 옥타(8)코어 / 쓰레드 16개 / 2.10GHz / 11MB / 85W / DDR4 / 2400MHz / PCIe 3.0 / 하이퍼스레딩
145,[AMD] EPYC™ (Eight-Core) Model 7232P(옥타코어 /3.1GHz/대리점정품),"840,000",Model 7232P(AMD(소켓SP3) / 2세대 (Zen 2) / 7nm / 옥타(8)코어 / 쓰레드 16개 / 3.1GHz / 4MB / 32MB / 120W / PCIe 4.0 / DDR4 / 3200MHz)
146,[AMD] EPYC™ (Eight-Core) Model 7262(옥타코어 /3.2GHz/대리점정품),"1,070,000",AMD(소켓SP3) / 2세대 (Zen 2) / 7nm / 옥타(8)코어 / 쓰레드 16개 / 3.2GHz / 4MB / 128MB / 155W / PCIe 4.0 / DDR4 / 3200MHz
147,[AMD] EPYC™ (Forty-Eight-Core) Model 7642(48코어 /2.3GHz/대리점정품),"8,720,000",AMD(소켓SP3) / 2세대 (Zen 2) / 7nm / 48코어 / 쓰레드 96개 / 2.3GHz / 24MB / 256MB / 225W / PCIe 4.0 / DDR4 / 3200MHz
148,[AMD] EPYC™ (Sixteen-Core) Model 7302(16코어 /3.0GHz/대리점정품),"1,830,000",AMD(소켓SP3) / 2세대 (Zen 2) / 7nm / 16코어 / 쓰레드 32개 / 3.0GHz / 8MB / 128MB / 155W / PCIe 4.0 / DDR4 / 3200MHz
149,[AMD] EPYC™ (Sixty-Four-Core) Model 7742(64코어 /2.25GHz/대리점정품),"12,800,000",AMD(소켓SP3) / 2세대 (Zen 2) / 7nm / 64코어 / 쓰레드 128개 / 2.25GHz / 32MB / 256MB / 225W / PCIe 4.0 / DDR4 / 3200MHz
150,[AMD] EPYC™ (Thirty-two-Core) Model 7452(32코어 /2.35GHz/대리점정품),"3,700,000",AMD(소켓SP3) / 2세대 (Zen 2) / 7nm / 32코어 / 쓰레드 64개 / 2.35GHz / 16MB / 128MB / 155W / PCIe 4.0 / DDR4 / 3200MHz
151,[AMD] EPYC™ (Thirty-two-Core) Model 7542(32코어 /2.9GHz/대리점정품),"6,250,000",AMD(소켓SP3) / 2세대 (Zen 2) / 7nm / 32코어 / 쓰레드 64개 / 2.9GHz / 16MB / 128MB / 225W / PCIe 4.0 / DDR4 / 3200MHz
152,[AMD] EPYC™ (Twenty-four Core) Model 7352(24코어 /2.3GHz/대리점정품),"2,100,000",AMD(소켓SP3) / 2세대 (Zen 2) / 7nm / 24코어 / 쓰레드 48개 / 2.3GHz / 12MB / 128MB / 155W / PCIe 4.0 / DDR4 / 3200MHz
153,[INTEL] 인텔 제온 E-2124 정품(커피레이크/3.3GHz/8MB/쿨러포함),"285,000",인텔(소켓1151) / 14nm / 쿼드(4)코어 / 쓰레드 4개 / 3.3GHz / 8MB / 64비트 / 71W / 옵테인
154,[INTEL] 인텔 제온 E-2134 정품(커피레이크/3.5GHz/8MB/쿨러포함),"364,000",인텔(소켓1151) / 14nm / 쿼드(4)코어 / 쓰레드 8개 / 3.5GHz / 8MB / 64비트 / 71W / 옵테인
155,[INTEL] 인텔 제온 E-2136 정품(커피레이크/3.3GHz/12MB/쿨러포함),"433,200",인텔(소켓1151) / 14nm / 헥사(6)코어 / 쓰레드 12개 / 3.3GHz / 12MB / 64비트 / 80W / 하이퍼스레딩 / 옵테인
156,[INTEL] 인텔 제온 E-2224G 정품박스(3.5GHz/8M/4코어/쿨러포함),"328,000",INTEL XEON
157,[INTEL] 제온 E3-1220 v6 정품박스 (카비레이크/3.0GHz/8MB/쿨러포함),"306,000",E3-1220 v6(3.0GHz) / 쿼드코어 / 카비레이크(Kaby Lake) / 14nm / 8MB버퍼 / LGA1151 (제온) / 박스 / 쿨러포함
158,[INTEL] 제온 E3-1240 v6 정품박스 (카비레이크/3.7GHz/8MB/쿨러포함),"432,000",E3-1240 v6(3.7GHz) / 쿼드코어 / 카비레이크(Kaby Lake) / 14nm / 8MB버퍼 / LGA1151 (제온) / 박스 / 쿨러포함
159,[INTEL] 제온 E3-1245 v6 정품박스 (카비레이크/3.7GHz/8MB/쿨러포함),"449,000",E3-1245 v6(3.7GHz) / 쿼드코어 / 카비레이크(Kaby Lake) / 14nm / 8MB버퍼 / LGA1151 (제온) / 박스 / 쿨러포함
160,[INTEL] 제온 E3-1270 v6 정품박스 (카비레이크/3.8GHz/8MB/쿨러포함),"510,800",E3-1270 v6(3.8GHz) / 쿼드코어 / 카비레이크(Kaby Lake) / 14nm / 8MB버퍼 / LGA1151 (제온) / 박스 / 쿨러포함
161,[INTEL] 제온 스케일러블 골드 5220 정품(2.2G/24.75M/18코어/쿨러 미포함),"2,296,400",인텔(소켓3647) / 14nm / 18코어 / 쓰레드 36개 / 2.20GHz / 24.75MB / 125W / DDR4 / 2667MHz / PCIe 3.0 / 하이퍼스레딩 / 옵테인
162,[INTEL] 제온 스케일러블 골드 6238 정품(2.1G/24.75M/22코어/쿨러 미포함),"3,944,000",인텔(소켓3647) / 14nm / 22코어 / 쓰레드 44개 / 2.10GHz / 24.75MB / 140W / DDR4 / 2933MHz / PCIe 3.0 / 하이퍼스레딩 / 옵테인
163,[INTEL] 제온 스케일러블 골드 6242 정품(2.8G/22M/16코어/쿨러 미포함),"3,675,000",인텔(소켓3647) / 14nm / 16코어 / 쓰레드 32개 / 2.80GHz / 22MB / 150W / DDR4 / 2933MHz / PCIe 3.0 / 하이퍼스레딩 / 옵테인
164,[INTEL] 제온 스케일러블 골드 6248 정품(2.5G/27.5M/20코어/쿨러 미포함),"4,471,500",인텔(소켓3647) / 14nm / 20코어 / 쓰레드 40개 / 2.50GHz / 27.5MB / 150W / DDR4 / 2933MHz / PCIe 3.0 / 하이퍼스레딩 / 옵테인
165,[INTEL] 제온 스케일러블 브론즈 3204 정품(1.9G/8.25M/6코어/쿨러 미포함),"344,100",인텔(소켓3647) / 14nm / 헥사(6)코어 / 쓰레드 6개 / 1.90GHz / 8.25MB / 85W / DDR4 / 2133MHz / PCIe 3.0
166,[INTEL] 코어9세대 i5-9500F 정품박스 (커피레이크 리프레시 / 3.0GHz / 9MB / 쿨러포함),"210,000",9세대커피레이크R / 코어i5 / 헥사(6)코어 / LGA1151-V2 / 2.6~3.0GHz / 박스(쿨러포함) / 14nm / 9MB / 내장그래픽미포함
167,[INTEL] 코어9세대 i5-9500F 정품벌크 (커피레이크 리프레시/3.00GHz/9MB/쿨러미포함),"195,000",인텔(소켓1151v2) / 14nm / 헥사(6)코어 / 쓰레드 6개 / 3.0GHz / 9MB / 64비트 / 65W / 옵테인
168,[INTEL] 인텔 코어9세대 i7-9700KF 벌크 쿨러포함 (커피레이크 리프레시/3.6GHz/12MB/병행수입),"313,650",9세대 커피레이크 R / 코어 i7 / 옥타(8)코어 / 3.6~4.0GHz / 벌크(쿨러포함) / 12MB 이상 / 14nm / 내장그래픽미포함
169,[INTEL] 제온 E3-1230 v6 정품박스 (카비레이크/3.5GHz/8MB/쿨러포함),"387,600",E3-1230 v6(3.5GHz) / 쿼드코어 / 카비레이크(Kaby Lake) / 14nm / 8MB버퍼 / LGA1151 (제온) / 박스 / 쿨러포함
170,[INTEL] 제온 E3-1225 v6 정품박스 (카비레이크/3.3GHz/8MB/쿨러포함),"329,460",E3-1225 v6(3.3GHz) / 쿼드코어 / 카비레이크(Kaby Lake) / 14nm / 8MB버퍼 / LGA1151 (제온) / 박스 / 쿨러포함
171,[INTEL] 인텔 펜티엄 G5400 벌크 쿨러포함 (커피레이크/3.7GHz/4MB/병행수입),가격정보없음,펜티엄 골드 G5400(3.7GHz) / 듀얼코어 / 커피레이크(CoffeeLake) / 14nm / 4MB버퍼 / LGA1151-V2 / 병행수입 벌크 / 쿨러포함
172,[INTEL] 인텔 코어7세대 i7-7700 벌크 쿨러미포함 (카비레이크/3.6GHz/8MB/병행수입),가격정보없음,Core i7-7700(3.6GHz) / 쿼드코어 / 카비레이크(KabyLake) / 14nm / 8MB버퍼 / LGA1151 / 벌크 / 쿨러미포함
173,[INTEL] 인텔 코어6세대 i5-6500 벌크 쿨러미포함 (스카이레이크/3.2GHz/6MB/병행수입),가격정보없음,Core i5-6500(3.2GHz) / 쿼드코어 / 스카이레이크(Skylake) / 14nm / 6MB버퍼 / 32(64)비트지원 / LGA1151 / 벌크 / 쿨러미포함
174,[INTEL] 인텔 코어6세대 i5-6500 벌크 쿨러포함 (스카이레이크/3.2GHz/6MB/병행수입),가격정보없음,Core i5-6500(3.2GHz) / 쿼드코어 / 스카이레이크(Skylake) / 14nm / 6MB버퍼 / 32(64)비트지원 / LGA1151 / 벌크 / 쿨러포함
175,[INTEL] 인텔 코어7세대 i5-7500 벌크 쿨러미포함 (카비레이크/3.4GHz/6MB/병행수입),가격정보없음,Core i5-7500(3.4GHz) / 쿼드코어 / 카비레이크(KabyLake) / 14nm / 6MB버퍼 / LGA1151 / 벌크 / 쿨러미포함
176,[INTEL] 제온 E3-1270V5 정품박스 (스카이레이크/3.6GHz/8MB/쿨러포함),가격정보없음,E3-1270V5(3.6GHz) / 쿼드코어 / 스카이레이크(Skylake) / 14nm / 8MB버퍼 / 32(64)비트지원 / LGA1151 (제온) / 박스 / 쿨러포함
177,[INTEL] 코어8세대 i3-8100 정품박스 (커피레이크/3.6GHz/6MB/쿨러포함),가격정보없음,Core i3-8100(3.6GHz) / 쿼드코어 / 커피레이크(CoffeeLake) / 14nm / 6MB버퍼 / LGA1151-V2 / 정품박스 / 쿨러포함
178,[INTEL] 인텔 코어9세대 i3-9100 벌크 쿨러포함 (커피레이크 리프레시/3.60GHz/6MB/병행수입),가격정보없음,인텔(소켓1151v2) / 14nm / 쿼드(4)코어 / 4쓰레드 / 기본 클럭: 3.6GHz / L3 캐시: 6MB / 설계전력: 65W / PCIe3.0 / 메모리 규격: DDR4 / 메모리 버스: 2400MHz / 인텔 UHD 630 / 기술 지원: 옵테인 / 쿨러: 인텔 기본쿨러 포함
179,[AMD] 라이젠 5 마티스 3500X (헥사코어/3.6GHz/쿨러포함/대리점정품/멀티팩),가격정보없음,AMD(소켓AM4) / 3세대 (Zen 2) / 7nm / 헥사(6)코어 / 6쓰레드 / 기본 클럭: 3.6GHz / L3 캐시: 32MB / 설계전력: 65W / PCIe4.0 / 메모리 규격: DDR4 / 메모리 버스: 3200MHz / 쿨러: Wraith Stealth 포함
